,title,company,location,time,link,source
0,Back End Developer,Better Impact,"Hamilton, ON",Posted today,https://job-openings.monster.ca/back-end-developer-hamilton-on-ca-better-impact/214865898,Monster
1,Game Programmer,Quantum Management Services,"MONTREAL, QC",1 day ago,https://job-openings.monster.ca/game-programmer-montreal-qc-ca-quantum-management-services/217944558,Monster
2,Full Stack Java Developer,Apex Systems Inc,"Toronto, ON",1 day ago,https://job-openings.monster.ca/full-stack-java-developer-toronto-on-ca-apex-systems-inc/217937514,Monster
3,Senior Fullstack Developer,JDRF Electromag,"Mississauga, ON",2 days ago,https://job-openings.monster.ca/senior-fullstack-developer-mississauga-on-ca-jdrf-electromag/217690818,Monster
4,Software Developer (SaaS) // Information Technology Sector,Accolade Technology Recruiting,"Montreal, QC",2 days ago,https://job-openings.monster.ca/software-developer-saas-information-technology-sector-montreal-qc-ca-accolade-technology-recruiting/217694285,Monster
5,Senior Video Game Developer,Cosmic Games,,3 days ago,https://job-openings.monster.ca/senior-video-game-developer-ca-cosmic-games/217902560,Monster
6,Sr. .NET Developer,Innosphere,"Guelph, ON",7 days ago,https://job-openings.monster.ca/sr-net-developer-guelph-on-ca-innosphere/217618867,Monster
7,Azure Cloud Architect,Trigyn Technologies Inc,"Ottawa, ON",10 days ago,https://job-openings.monster.ca/azure-cloud-architect-ottawa-on-ca-trigyn-technologies-inc/217836086,Monster
8,VIDEO GAME DESIGNER 5223,Ideaspark Labs o/a Beamdog,"Edmonton, AB",13 days ago,https://job-openings.monster.ca/video-game-designer-5223-edmonton-ab-ca-ideaspark-labs-o-a-beamdog/215711981,Monster
9,Programmeur analyste,CAIJ,"MONTREAL, QC",15 days ago,https://job-openings.monster.ca/programmeur-analyste-montreal-qc-ca-caij/217712432,Monster
10,Computer Systems Analyst,Dynamic Biz Solutions LLC,"Cranberry Township, PA",14 days ago,https://job-openings.monster.ca/computer-systems-analyst-cranberry-township-pa-us-dynamic-biz-solutions-llc/217721614,Monster
11,Application Developer,ARC Business Solutions Inc.,"EDMONTON, AB",15 days ago,https://job-openings.monster.ca/application-developer-edmonton-ab-ca-arc-business-solutions-inc/217714432,Monster
12,Java Murex MxML Developer,Luxoft USA Inc,"East York, ON",23 days ago,https://job-openings.monster.ca/java-murex-mxml-developer-east-york-on-ca-luxoft-usa-inc/217574870,Monster
13,Java Lead,Synechron,"Toronto, ON",1 day ago,https://job-openings.monster.ca/java-lead-toronto-on-ca-synechron/214374783,Monster
14,Mobile Application Developer,New Value Solutions Group Inc.,"Burnaby, BC",7 days ago,https://job-openings.monster.ca/mobile-application-developer-burnaby-bc-ca-new-value-solutions-group-inc/217844053,Monster
15,Web Developer - Corporate E-Commerce Website,Bartech Canada,"North York, ON",9 days ago,https://job-openings.monster.ca/web-developer-corporate-e-commerce-website-north-york-on-ca-bartech-canada/217793347,Monster
16,Java Technical Lead / Java Architect,People Force Consulting,"Montreal, QC",16 days ago,https://job-openings.monster.ca/java-technical-lead-java-architect-montreal-qc-ca-people-force-consulting/217688518,Monster
17,Analyste-programmeur .Net Sénior,Nexio Technologies,"Montreal, QC",24 days ago,https://job-openings.monster.ca/analyste-programmeur-net-sénior-montreal-qc-ca-nexio-technologies/201121543,Monster
18,.Net Developer,Alliance Search partners,"TORONTO, ON",28 days ago,https://job-openings.monster.ca/net-developer-toronto-on-ca-alliance-search-partners/211827780,Monster
19,WEB DEVELOPER,Toocoo Media Inc.,"TORONTO, ON",28 days ago,https://job-openings.monster.ca/web-developer-toronto-on-ca-toocoo-media-inc/217477858,Monster
20,Machinist Programmer EDM Level 3 (Advanced),Magna International Inc.,"Concord, ON",1 day ago,https://job-openings.monster.ca/machinist-programmer-edm-level-3-advanced-concord-on-ca-magna-international-inc/217603822,Monster
21,Senior Java Development Lead 3147081,Morgan Stanley,"Montreal, QC",1 day ago,https://job-openings.monster.ca/senior-java-development-lead-3147081-montreal-qc-ca-morgan-stanley/217462710,Monster
22,Curam Developers,IBM CA,ON,6 days ago,https://job-openings.monster.ca/curam-developers-on-ca-ibm-ca/217351858,Monster
23,Java ATG Developer,Kutir Technologies,"Mississauga, ON",8 days ago,https://job-openings.monster.ca/java-atg-developer-mississauga-on-ca-kutir-technologies/213503909,Monster
24,Développeur full stack,Systematix Technology Consultants Inc,"MONTREAL, QC",8 days ago,https://job-openings.monster.ca/développeur-full-stack-montreal-qc-ca-systematix-technology-consultants-inc/217817287,Monster
25,Pega Application Designer,Universal Support Systems (Rosscam),"Toronto, ON",17 days ago,https://job-openings.monster.ca/pega-application-designer-toronto-on-ca-universal-support-systems-rosscam/217668290,Monster
26,Oracle HCM and Component Developer,Company Confidential,"North York, ON",21 days ago,https://job-openings.monster.ca/oracle-hcm-component-developer-north-york-on-ca/212943483,Monster
27,Sr. C# Developer,Virtusa,"Toronto, ON",23 days ago,https://job-openings.monster.ca/sr-c-developer-toronto-on-ca-virtusa/207495690,Monster
28,Programmer - Web and Cloud Development,Distech Controls,"Brossard, QC",28 days ago,https://job-openings.monster.ca/programmer-web-cloud-development-brossard-qc-ca-distech-controls/217493488,Monster
29,JAVA developers - Freshers/entry level Project Program,SAPSOL TECHNOLOIGES INC,"Mississauga, ON",1 day ago,https://job-openings.monster.ca/java-developers-freshers-entry-level-project-program-mississauga-on-ca-sapsol-technoloiges-inc/217942026,Monster
30,Software Developer / Programmer (Exciting opportunity: Intelligent people and great variety),Pleasant Solutions,"Kelowna, BC",7 days ago,https://job-openings.monster.ca/software-developer-programmer-exciting-opportunity-intelligent-people-great-variety-kelowna-bc-ca-pleasant-solutions/217621200,Monster
31,Java Automation Developer,ISG Search Inc,"Waterloo, ON",7 days ago,https://job-openings.monster.ca/java-automation-developer-waterloo-on-ca-isg-search-inc/217838820,Monster
32,Senior Software Engineer – Back End,MaxSys,"Toronto, ON",10 days ago,https://job-openings.monster.ca/senior-software-engineer-–-back-end-toronto-on-ca-maxsys/217768180,Monster
33,Lead PHP Developer,Swim Recruiting,"VANCOUVER, BC",Posted today,https://job-openings.monster.ca/lead-php-developer-vancouver-bc-ca-swim-recruiting/217973875,Monster
34,Senior Python Developer - Cloud environment,Procom,"Montréal, QC",Posted today,https://job-openings.monster.ca/senior-python-developer-cloud-environment-montréal-qc-ca-procom/217972141,Monster
35,Full-Stack Java/React Developer,Eagle Professional Resources Inc,"Toronto, ON",Posted today,https://job-openings.monster.ca/full-stack-java-react-developer-toronto-on-ca-eagle-professional-resources-inc/217974530,Monster
36,Java Programmer,Dynamic Biz Solutions LLC,"Cranberry Township, PA",11 days ago,https://job-openings.monster.ca/java-programmer-cranberry-township-pa-us-dynamic-biz-solutions-llc/217750368,Monster
37,Programmer/Developer (Java) - Level  3,Randstad,"Toronto, ON",Posted today,https://job-openings.monster.ca/programmer-developer-java-level-3-toronto-on-ca-randstad/217968541,Monster
38,Senior Web Application Developer,TAL Group Inc,"Toronto, ON",1 day ago,https://job-openings.monster.ca/senior-web-application-developer-toronto-on-ca-tal-group-inc/217939251,Monster
39,Software Developer (Automotive),Comtech Group Inc.,"Thornhill, ON",1 day ago,https://job-openings.monster.ca/software-developer-automotive-thornhill-on-ca-comtech-group-inc/217953051,Monster
40,Full-Stack Developer - Agile / Java / Spring / JavaScript / CSS3 / Git / SVN,Precision ERP,"Victoria, BC",1 day ago,https://job-openings.monster.ca/full-stack-developer-agile-java-spring-javascript-css3-git-svn-victoria-bc-ca-precision-erp/217957060,Monster
41,Sr. Software Developer,Apex Systems Inc,"Vancouver, BC",2 days ago,https://job-openings.monster.ca/sr-software-developer-vancouver-bc-ca-apex-systems-inc/217917049,Monster
42,Workday Developer,Apex Systems Inc,"Toronto, ON",4 days ago,https://job-openings.monster.ca/workday-developer-toronto-on-ca-apex-systems-inc/217862963,Monster
43,Systems Software Engineer,Apex Systems Inc,"Burnaby, BC",7 days ago,https://job-openings.monster.ca/systems-software-engineer-burnaby-bc-ca-apex-systems-inc/217832467,Monster
44,Senior Full Stack Developer,JDRF Electromag,"Mississauga, ON",7 days ago,https://job-openings.monster.ca/senior-full-stack-developer-mississauga-on-ca-jdrf-electromag/217841018,Monster
45,Full Stack Java Developer,Apex Systems Inc,"Toronto, ON",8 days ago,https://job-openings.monster.ca/full-stack-java-developer-toronto-on-ca-apex-systems-inc/217810830,Monster
46,C# Developer,Apex Systems Inc,"Victoria, BC",9 days ago,https://job-openings.monster.ca/c-developer-victoria-bc-ca-apex-systems-inc/217792138,Monster
47,Programmeur analyste principal,CAIJ,"MONTREAL, QC",15 days ago,https://job-openings.monster.ca/programmeur-analyste-principal-montreal-qc-ca-caij/217712230,Monster
48,Application Developer (2),ARC Business Solutions Inc.,"EDMONTON, AB",15 days ago,https://job-openings.monster.ca/application-developer-2-edmonton-ab-ca-arc-business-solutions-inc/217714436,Monster
49,Senior Rendering Software Engineer,Apex Systems Inc,"Burnaby, BC",18 days ago,https://job-openings.monster.ca/senior-rendering-software-engineer-burnaby-bc-ca-apex-systems-inc/217642034,Monster
50,Sr. Java Developer,Synechron,"Mississauga, ON",1 day ago,https://job-openings.monster.ca/sr-java-developer-mississauga-on-ca-synechron/214374889,Monster
51,Java/Middle ware Developer,Synechron,"Mississauga, ON",6 days ago,https://job-openings.monster.ca/java-middle-ware-developer-mississauga-on-ca-synechron/217849585,Monster
52,Sr. Python Developer,Synechron,"Mississauga, ON",6 days ago,https://job-openings.monster.ca/sr-python-developer-mississauga-on-ca-synechron/214183163,Monster
53,Java Developer / J2EE Developer,People Force Consulting,"Montreal, QC",16 days ago,https://job-openings.monster.ca/java-developer-j2ee-developer-montreal-qc-ca-people-force-consulting/217688553,Monster
54,Fullstack Developer 3146040,Morgan Stanley,"Montreal, QC",4 days ago,https://job-openings.monster.ca/fullstack-developer-3146040-montreal-qc-ca-morgan-stanley/217392349,Monster
55,Full-stack Developer,TalentBurst Inc,"Toronto, ON",3 days ago,https://job-openings.monster.ca/full-stack-developer-toronto-on-ca-talentburst-inc/217880948,Monster
56,Java Developer 3146771,Morgan Stanley,"Montreal, QC",4 days ago,https://job-openings.monster.ca/java-developer-3146771-montreal-qc-ca-morgan-stanley/217392384,Monster
57,Algo Trading Risk Control Developer - C++ 3150368,Morgan Stanley,"Montreal, QC",7 days ago,https://job-openings.monster.ca/algo-trading-risk-control-developer-c-3150368-montreal-qc-ca-morgan-stanley/217364180,Monster
58,Hiring Java Developers (Several Positions Available) 3150537,Morgan Stanley,"Montreal, QC",8 days ago,https://job-openings.monster.ca/hiring-java-developers-several-positions-available-3150537-montreal-qc-ca-morgan-stanley/217335896,Monster
59,Senior Full Stack Developer for US location,Kutir Technologies,"Mississauga, ON",8 days ago,https://job-openings.monster.ca/senior-full-stack-developer-for-us-location-mississauga-on-ca-kutir-technologies/213503838,Monster
60,Sr. Java Developer for US location,Kutir Technologies,"Mississauga, ON",8 days ago,https://job-openings.monster.ca/sr-java-developer-for-us-location-mississauga-on-ca-kutir-technologies/213503842,Monster
61,Java developer 3150065,Morgan Stanley,"Montreal, QC",8 days ago,https://job-openings.monster.ca/java-developer-3150065-montreal-qc-ca-morgan-stanley/217332442,Monster
62,Java Platform Engineering Developer - 3146076,Morgan Stanley,"Montreal, QC",10 days ago,https://job-openings.monster.ca/java-platform-engineering-developer-3146076-montreal-qc-ca-morgan-stanley/217288914,Monster
63,Sr. Software Developer - Java,The Home Depot,"TORONTO HEAD OFFICE (STORE SUPPORT CENTRE) , ON",7 days ago,https://job-openings.monster.ca/sr-software-developer-java-toronto-head-office-store-support-centre-on-ca-the-home-depot/217826918,Monster
64,Java Developer 3146784,Morgan Stanley,"Montreal, QC",11 days ago,https://job-openings.monster.ca/java-developer-3146784-montreal-qc-ca-morgan-stanley/217272849,Monster
65,HCM Senior Developer,IBM CA,"Ottawa / Gatineau, ON",23 days ago,https://job-openings.monster.ca/hcm-senior-developer-ottawa-gatineau-on-ca-ibm-ca/216378706,Monster
66,AWS Cloud Architect,Virtusa,"Toronto, ON",23 days ago,https://job-openings.monster.ca/aws-cloud-architect-toronto-on-ca-virtusa/206299032,Monster
67,Web Developers ( Level 2),IBM CA,"Ottawa, ON",28 days ago,https://job-openings.monster.ca/web-developers-level-2-ottawa-on-ca-ibm-ca/216967177,Monster
68,Software Developer. NET,Distech Controls,"BROSSARD, QC",28 days ago,https://job-openings.monster.ca/software-developer-net-brossard-qc-ca-distech-controls/217493279,Monster
69,Qlik Sense developer- Remote work,IBM CA,"Ottawa, ON",28 days ago,https://job-openings.monster.ca/qlik-sense-developer-remote-work-ottawa-on-ca-ibm-ca/216271919,Monster
70,Software Developer / Programmer (Exciting opportunity: Intelligent people and great variety),Pleasant Solutions,"Kitchener, ON",7 days ago,https://job-openings.monster.ca/software-developer-programmer-exciting-opportunity-intelligent-people-great-variety-kitchener-on-ca-pleasant-solutions/217621196,Monster
71,Software Developer / Programmer (Exciting opportunity: Intelligent people and great variety),Pleasant Solutions,"Calgary, AB",7 days ago,https://job-openings.monster.ca/software-developer-programmer-exciting-opportunity-intelligent-people-great-variety-calgary-ab-ca-pleasant-solutions/217621197,Monster
72,Software Developer / Programmer (Exciting opportunity: Intelligent people and great variety),Pleasant Solutions,"Burnaby, BC",7 days ago,https://job-openings.monster.ca/software-developer-programmer-exciting-opportunity-intelligent-people-great-variety-burnaby-bc-ca-pleasant-solutions/217621199,Monster
73,Software Developer / Programmer (Exciting opportunity: Intelligent people and great variety),Pleasant Solutions,"Mississauga, ON",7 days ago,https://job-openings.monster.ca/software-developer-programmer-exciting-opportunity-intelligent-people-great-variety-mississauga-on-ca-pleasant-solutions/217621194,Monster
74,Java Developer,Hays,"Toronto, ON",7 days ago,https://job-openings.monster.ca/java-developer-toronto-on-ca-hays/217839527,Monster
75,Software Developer / Programmer (Exciting opportunity: Intelligent people and great variety),Pleasant Solutions,"Vancouver, BC",7 days ago,https://job-openings.monster.ca/software-developer-programmer-exciting-opportunity-intelligent-people-great-variety-vancouver-bc-ca-pleasant-solutions/217621198,Monster
76,Fullstack .NET Developer,The Delivery Group,"Markham, ON",7 days ago,https://job-openings.monster.ca/fullstack-net-developer-markham-on-ca-the-delivery-group/217830061,Monster
77,Software Developer / Programmer (Exciting opportunity: Intelligent people and great variety),Pleasant Solutions,"Ottawa, ON",7 days ago,https://job-openings.monster.ca/software-developer-programmer-exciting-opportunity-intelligent-people-great-variety-ottawa-on-ca-pleasant-solutions/217621201,Monster
78,Software Developer / Programmer (Exciting opportunity: Intelligent people and great variety),Pleasant Solutions,"Edmonton, AB",7 days ago,https://job-openings.monster.ca/software-developer-programmer-exciting-opportunity-intelligent-people-great-variety-edmonton-ab-ca-pleasant-solutions/217621193,Monster
79,Mobile Application Developer,MatchBox Consulting Group,"vancouver, BC",7 days ago,https://job-openings.monster.ca/mobile-application-developer-vancouver-bc-ca-matchbox-consulting-group/217842057,Monster
80,Software Developer / Programmer (Exciting opportunity: Intelligent people and great variety),Pleasant Solutions,"Toronto, ON",7 days ago,https://job-openings.monster.ca/software-developer-programmer-exciting-opportunity-intelligent-people-great-variety-toronto-on-ca-pleasant-solutions/217621195,Monster
81,Java Developer,ISG Search Inc,"Toronto, ON",9 days ago,https://job-openings.monster.ca/java-developer-toronto-on-ca-isg-search-inc/217801782,Monster
82,Mobile Developer,ISG Search Inc,"Toronto, ON",10 days ago,https://job-openings.monster.ca/mobile-developer-toronto-on-ca-isg-search-inc/217785177,Monster
83,Full Stack .Net Developer,ISG Search Inc,"Mississauga, ON",21 days ago,https://job-openings.monster.ca/full-stack-net-developer-mississauga-on-ca-isg-search-inc/217624342,Monster
84,Senior SAP ABAP Developer,ISG Search Inc,"Toronto, ON",29 days ago,https://job-openings.monster.ca/senior-sap-abap-developer-toronto-on-ca-isg-search-inc/217465240,Monster
85,Développeur Java sénior - Product Catalog,Procom,"Montréal, QC",Posted today,https://job-openings.monster.ca/développeur-java-sénior-product-catalog-montréal-qc-ca-procom/217971732,Monster
86,Développeur informatique,Procom,"Montreal, QC",Posted today,https://job-openings.monster.ca/développeur-informatique-montreal-qc-ca-procom/217975699,Monster
87,Développeur COBOL,Procom,"Québec, QC",Posted today,https://job-openings.monster.ca/développeur-cobol-québec-qc-ca-procom/217973485,Monster
88,Senior HighJump Developer,Procom,"Mississauga, ON",Posted today,https://job-openings.monster.ca/senior-highjump-developer-mississauga-on-ca-procom/217970221,Monster
89,Salesforce Developer/Administrator - REMOTE,Randstad,"St. John's, NL",Posted today,https://job-openings.monster.ca/salesforce-developer-administrator-remote-st-johns-nl-ca-randstad/217969589,Monster
90,Developer / Programmer,Eagle Professional Resources Inc,"Calgary, AB",Posted today,https://job-openings.monster.ca/developer-programmer-calgary-ab-ca-eagle-professional-resources-inc/217973148,Monster
91,iOS Developer,The ONE Information,,9 days ago,https://job-openings.monster.ca/ios-developer-ca-the-one-information/217794491,Monster
92,BI Engineer,TAL Group Inc,"Toronto, ON",1 day ago,https://job-openings.monster.ca/bi-engineer-toronto-on-ca-tal-group-inc/217939243,Monster
93,Android Developer (contract),TAL Group Inc,"Toronto, ON",1 day ago,https://job-openings.monster.ca/android-developer-contract-toronto-on-ca-tal-group-inc/217939228,Monster
94,Développeur JAVA,Agylis Canada,"Montréal, QC",9 days ago,https://job-openings.monster.ca/développeur-java-montréal-qc-ca-agylis-canada/216799763,Monster
95,Senior Python Developer,Eagle Professional Resources Inc,"Montreal, QC",1 day ago,https://job-openings.monster.ca/senior-python-developer-montreal-qc-ca-eagle-professional-resources-inc/217956015,Monster
96,Bilingual Back-end Developer,Eagle Professional Resources Inc,"Montreal, QC",1 day ago,https://job-openings.monster.ca/bilingual-back-end-developer-montreal-qc-ca-eagle-professional-resources-inc/217941067,Monster
97,Elixir Developer,Step By Step Professional Services Inc,"Toronto, ON",9 days ago,https://job-openings.monster.ca/elixir-developer-toronto-on-ca-step-by-step-professional-services-inc/217584390,Monster
98,Full Stack Ruby Developer,TAL Group Inc,"Toronto, ON",1 day ago,https://job-openings.monster.ca/full-stack-ruby-developer-toronto-on-ca-tal-group-inc/217939246,Monster
99,Senior Scala Developer,TAL Group Inc,"Toronto, ON",1 day ago,https://job-openings.monster.ca/senior-scala-developer-toronto-on-ca-tal-group-inc/217939242,Monster
100,Senior Nodejs Developer,Procom,"Vancouver, BC",2 days ago,https://job-openings.monster.ca/senior-nodejs-developer-vancouver-bc-ca-procom/217910073,Monster
101,Intermediate Mobile/Web Developer,Procom,"Calgary, AB",2 days ago,https://job-openings.monster.ca/intermediate-mobile-web-developer-calgary-ab-ca-procom/217928229,Monster
102,Senior Software Developer (Node.js),Randstad,"Vancouver, BC",2 days ago,https://job-openings.monster.ca/senior-software-developer-node-js-vancouver-bc-ca-randstad/217923364,Monster
103,Java Developper,T.E.S. Employment Solution,"TORONTO, ON",9 days ago,https://job-openings.monster.ca/java-developper-toronto-on-ca-t-e-s-employment-solution/217798201,Monster
104,Full Stack Developer,Procom,"Victoria, BC",2 days ago,https://job-openings.monster.ca/full-stack-developer-victoria-bc-ca-procom/217910074,Monster
105,Développeur Mobile Android,Randstad,"Montmagny, QC",2 days ago,https://job-openings.monster.ca/développeur-mobile-android-montmagny-qc-ca-randstad/217923073,Monster
106,Intermediate Fullstack Developer,Randstad,"Victoria, BC",2 days ago,https://job-openings.monster.ca/intermediate-fullstack-developer-victoria-bc-ca-randstad/217924248,Monster
107,iOS Mobile Application Developer,Randstad,"Montreal, QC",2 days ago,https://job-openings.monster.ca/ios-mobile-application-developer-montreal-qc-ca-randstad/217922987,Monster
108,Intermediate Full Stack Developer w/ DevOps,Eagle Professional Resources Inc,"Victoria, BC",2 days ago,https://job-openings.monster.ca/intermediate-full-stack-developer-w-devops-victoria-bc-ca-eagle-professional-resources-inc/217925376,Monster
109,Android Mobile Developer,Randstad,"Montmagny, QC",2 days ago,https://job-openings.monster.ca/android-mobile-developer-montmagny-qc-ca-randstad/217923072,Monster
110,Full Stack Angular/.Net Developer,Procom,"Montréal, QC",2 days ago,https://job-openings.monster.ca/full-stack-angular-net-developer-montréal-qc-ca-procom/217919539,Monster
111,Backend Developer (Healthcare),Eagle Professional Resources Inc,"Burnaby, BC",3 days ago,https://job-openings.monster.ca/backend-developer-healthcare-burnaby-bc-ca-eagle-professional-resources-inc/217909446,Monster
112,Adobe Flex Developer,Eagle Professional Resources Inc,"Toronto/GTA, ON",3 days ago,https://job-openings.monster.ca/adobe-flex-developer-toronto-gta-on-ca-eagle-professional-resources-inc/217902167,Monster
113,Senior Developer,Eagle Professional Resources Inc,"Waterloo, ON",3 days ago,https://job-openings.monster.ca/senior-developer-waterloo-on-ca-eagle-professional-resources-inc/217898919,Monster
114,Programmeur analyste,Procom,"Québec, QC",3 days ago,https://job-openings.monster.ca/programmeur-analyste-québec-qc-ca-procom/217904142,Monster
115,Senior Python Developer - JavaScript / OIDC,Procom,"Toronto, ON",3 days ago,https://job-openings.monster.ca/senior-python-developer-javascript-oidc-toronto-on-ca-procom/217899287,Monster
116,Application Developer I - Canada,TalentBurst Inc,"Toronto, ON",4 days ago,https://job-openings.monster.ca/application-developer-i-canada-toronto-on-ca-talentburst-inc/217635175,Monster
117,Android Developer,TAL Group Inc,"Toronto, ON",4 days ago,https://job-openings.monster.ca/android-developer-toronto-on-ca-tal-group-inc/217866156,Monster
118,Full Stack Web Engineer,TAL Group Inc,"Richmond Hill, ON",4 days ago,https://job-openings.monster.ca/full-stack-web-engineer-richmond-hill-on-ca-tal-group-inc/217866143,Monster
119,Senior Programmer / Analysts (Java),Precision IT,"Quebec City, QC",14 days ago,https://job-openings.monster.ca/senior-programmer-analysts-java-quebec-city-qc-ca-precision-it/217727012,Monster
120,BI Developer,TAL Group Inc,"Mississauga, ON",4 days ago,https://job-openings.monster.ca/bi-developer-mississauga-on-ca-tal-group-inc/217866149,Monster
121,iOS Developer,TAL Group Inc,"Toronto, ON",4 days ago,https://job-openings.monster.ca/ios-developer-toronto-on-ca-tal-group-inc/217866155,Monster
122,Business Solutions Engineer,Procom,"Victoria, BC",7 days ago,https://job-openings.monster.ca/business-solutions-engineer-victoria-bc-ca-procom/217845371,Monster
123,Software Developer,The Home Depot,"TORONTO HEAD OFFICE (STORE SUPPORT CENTRE) , ON",7 days ago,https://job-openings.monster.ca/software-developer-toronto-head-office-store-support-centre-on-ca-the-home-depot/217826914,Monster
124,Développeur Foxpro,Randstad,"Montreal, QC",7 days ago,https://job-openings.monster.ca/développeur-foxpro-montreal-qc-ca-randstad/217840799,Monster
125,Développeur Foxpro,Randstad,"Montreal, QC",7 days ago,https://job-openings.monster.ca/développeur-foxpro-montreal-qc-ca-randstad/217840802,Monster
126,Dotnet Developer,HCL Canada,"Vancouver, BC",16 days ago,https://job-openings.monster.ca/dotnet-developer-vancouver-bc-ca-hcl-canada/217689738,Monster
127,Product Manager,Amphenol Canada Corp.,"Scarborough, ON",30+ days ago,https://ca.indeed.com/cmp/Amphenol,Indeed
128,German Linguist Specialist,Keywords Studios,"Montréal, QC",30+ days ago,https://ca.indeed.com/pagead/clk?mo=r&ad=-6NYlbfkN0CAgiIUVMiIIrU-EFO0kyDa1Cif-dfpbc3Yi1vKdtX8LglWdqUJyeD-46N6DXL52fP7AzmQQETbM_mik20P62ibyNYvm1NHPR3K6xDWctAEjyCfZvZ7lAHb1MQq04ASKGKElN9ec4QK8nN_qwk_9ASJTdUDVHga_OJ5nzA9IfBidm6KLF5XJdDTU5zCnl4LMXJpsecz2Zb3iR2VFv-cE7CuIvwn_3JrXHeQyjNSUPxszgolzOMWjcOrOvSMjzn5i97ZDTw3G-jA358JTo_73l7Au-5qdHbYVIG__vNmqvKfeSXaMCVOrDPx70xO-rKfBDpq5JHFyH3U1lZBfGTGGQiMVrix1zl4fcd2h9ucXMARF_yLTT1vHbjRpVgDVmwsOXXSf4GWqYNs04SF540k7YSJ5FPIiX95R6M=&p=2&fvj=0&vjs=3,Indeed
129,Software Engineer - PEY Intern,Intel,"Toronto, ON",1 day ago,https://ca.indeed.com/rc/clk?jk=6baffe7c2ec3f344&fccid=f1374be6a45f4b8a&vjs=3,Indeed
130,Tech - Software Development Intern,Exiger,"Toronto, ON",14 days ago,https://ca.indeed.com/rc/clk?jk=1355bc8775f2fb5a&fccid=b7a753ea1f841879&vjs=3,Indeed
131,Software QA Intern - Fall 2020,NVIDIA,"Toronto, ON",4 days ago,https://ca.indeed.com/rc/clk?jk=7146c4fe10421ae5&fccid=c267f29f0f85e8b8&vjs=3,Indeed
132,Software Developer Intern,Footprints Legacy,"Toronto, ON",21 days ago,https://ca.indeed.com/company/Footprints-Legacy/jobs/Software-Developer-Intern-c0cfae38978a0d74?fccid=541aabef926f7aac&vjs=3,Indeed
133,Student / Intern,Oracle,"Toronto, ON",30+ days ago,https://ca.indeed.com/rc/clk?jk=04ec8e01141086ae&fccid=cd22d01053af7669&vjs=3,Indeed
134,Software Engineer Internship – Collective Intelligence - Fal...,Unilever,"Toronto, ON",3 days ago,https://ca.indeed.com/rc/clk?jk=fce1a301a8d61470&fccid=37e886222e0cbb3a&vjs=3,Indeed
135,Web Developer Intern,Pathcore,"Toronto, ON",30+ days ago,https://ca.indeed.com/rc/clk?jk=45e7adfb4d34664e&fccid=84a01439de3798a0&vjs=3,Indeed
136,Software Developer Intern,Konrad,"Toronto, ON",30+ days ago,https://ca.indeed.com/rc/clk?jk=4e91850897470054&fccid=3aa24fd3ceb6c881&vjs=3,Indeed
137,Venture Capital Intern,Impression Ventures,"Toronto, ON",10 days ago,https://ca.indeed.com/company/Impression-Ventures/jobs/Venture-Capital-Intern-7d7fc6c903e99e36?fccid=9a78460ce89915c5&vjs=3,Indeed
138,Data Engineering Intern,Coursera,"Toronto, ON",4 days ago,https://ca.indeed.com/rc/clk?jk=a9b77ebe351adf2a&fccid=ef63980be6005ec6&vjs=3,Indeed
139,Controls Test Bench Design and Tech Support Intern,General Motors,"Markham, ON",2 days ago,https://ca.indeed.com/rc/clk?jk=19716a4b20333116&fccid=116680a29a847a70&vjs=3,Indeed
140,Intern - Software Engineering,Cadence Design Systems,"Burlington, ON",30+ days ago,https://ca.indeed.com/rc/clk?jk=710278d202d73d6e&fccid=391006290e845887&vjs=3,Indeed
141,Tech - Data Quality Intern,Exiger,"Toronto, ON",17 days ago,https://ca.indeed.com/rc/clk?jk=3c96034fac80df3c&fccid=b7a753ea1f841879&vjs=3,Indeed
142,Business Analyst (Intern),Hybird Technology Solutions,"Scarborough, ON",12 days ago,https://ca.indeed.com/company/HYBIRD-TECHNOLOGY-SOLUTIONS/jobs/Business-Analyst-52790626b4588e3d?fccid=c8a8f2b8c89c0519&vjs=3,Indeed
143,Actuarial Intern,Travelers,"Toronto, ON",9 days ago,https://ca.indeed.com/rc/clk?jk=35206bd04608c9fa&fccid=916ff25d86c6fe24&vjs=3,Indeed
144,Co-Op/Intern,Jonah Group,"Toronto, ON",30+ days ago,https://ca.indeed.com/rc/clk?jk=da8e66abc271f7ec&fccid=ff19025b5a3f14d2&vjs=3,Indeed
145,"Research Intern, 2020",Google,"Toronto, ON",30+ days ago,https://ca.indeed.com/rc/clk?jk=8821a8aed063d56f&fccid=a5b4499d9e91a5c6&vjs=3,Indeed
146,CO OP/Intern: Software Designer,Ciena,"Ottawa, ON",9 days ago,https://ca.indeed.com/rc/clk?jk=f7f785d5d23cc910&fccid=144a39be55e8440b&vjs=3,Indeed
147,Software Development Engineer Intern,"Amazon Web Services Canada, In","Vancouver, BC",30+ days ago,https://ca.indeed.com/rc/clk?jk=5cd54c9a62b77456&fccid=fe2d21eef233e94a&vjs=3,Indeed
148,SAP iXp Intern - Concur Spend Software Developer,SAP,"Vancouver, BC",Today,https://ca.indeed.com/rc/clk?jk=2f33264e35b3670c&fccid=156c7820d1988640&vjs=3,Indeed
149,Creative Design Intern,Plant Collective,"Toronto, ON",1 day ago,https://ca.indeed.com/company/Plant-Collective/jobs/Creative-Design-Intern-725f391c73bb6c57?fccid=f30d7436b95d7555&vjs=3,Indeed
150,Software Developer Co-Op - TD Innovation Lab,TD Bank,"Waterloo, ON",4 days ago,https://ca.indeed.com/rc/clk?jk=fe8f421bdeb48d25&fccid=d7114f1cac8d0711&vjs=3,Indeed
151,Embedded Controls Design Intern,General Motors,"Markham, ON",2 days ago,https://ca.indeed.com/rc/clk?jk=2ad737e1917e3d51&fccid=116680a29a847a70&vjs=3,Indeed
152,Software Development Engineer Co-op - Fall 2020 (Canada),"AMZN CAN Fulfillment Svcs, ULC","Vancouver, BC",9 days ago,https://ca.indeed.com/rc/clk?jk=775139d9b145042c&fccid=fe2d21eef233e94a&vjs=3,Indeed
153,"Student Intern - Data Analysis, Commodity Management",Celestica,"Toronto, ON",30+ days ago,https://ca.indeed.com/rc/clk?jk=926d8662570951c8&fccid=e7e593a18b26fee3&vjs=3,Indeed
154,Accounting Internship,CHS Business Solutions,"North York, ON",22 days ago,https://ca.indeed.com/company/Aced-Accounting-Inc./jobs/Accounting-Internship-9c49d0e91d2bda37?fccid=279848f20fae9c8a&vjs=3,Indeed
155,"Associate Consultant, Intern",Konrad,"Toronto, ON",30+ days ago,https://ca.indeed.com/rc/clk?jk=81fa9030145ffa6e&fccid=3aa24fd3ceb6c881&vjs=3,Indeed
156,Distribution & Geospatial Intelligence Analyst Co-op/Intern,TD Bank,"Toronto, ON",7 days ago,https://ca.indeed.com/rc/clk?jk=34bb12fe6ade3afd&fccid=d7114f1cac8d0711&vjs=3,Indeed
157,Student Intern - Mobility Solutions,Parsons,"Markham, ON",28 days ago,https://ca.indeed.com/rc/clk?jk=df56c7fbb5353698&fccid=e8f998ddd15bac9c&vjs=3,Indeed
158,Software Developer,Oracle,"Waterloo, ON",6 days ago,https://ca.indeed.com/rc/clk?jk=35906b3ec394fd27&fccid=cd22d01053af7669&vjs=3,Indeed
159,Accounting Intern (12 months),BMW Group Financial Services Canada,"Toronto, ON",30+ days ago,https://ca.indeed.com/rc/clk?jk=7ab73f7045f29e3d&fccid=145f77b9f76cf553&vjs=3,Indeed
160,CO OP/Intern: Software Engineer,Ciena,"Ottawa, ON",15 days ago,https://ca.indeed.com/rc/clk?jk=e7e8d21a56dad4bf&fccid=144a39be55e8440b&vjs=3,Indeed
161,CO OP/Intern:Embedded Software,Ciena,"Ottawa, ON",15 days ago,https://ca.indeed.com/rc/clk?jk=72ed0dd25b402faf&fccid=144a39be55e8440b&vjs=3,Indeed
162,Accounting Internship (starting Aug 2020),Wave,"Toronto, ON",14 days ago,https://ca.indeed.com/rc/clk?jk=56fdccfb0b937e81&fccid=843063962baaa318&vjs=3,Indeed
163,Manufacturing Quality Intern,Johnson & Johnson Family of Companies,"Guelph, ON",10 days ago,https://ca.indeed.com/rc/clk?jk=bdc96b7eeb6e9691&fccid=0bed8e17bc113980&vjs=3,Indeed
164,CO OP/Intern: Waveserver Software,Ciena,"Ottawa, ON",15 days ago,https://ca.indeed.com/rc/clk?jk=3e8d20dd65bdb1ad&fccid=144a39be55e8440b&vjs=3,Indeed
165,CO OP/Intern: Waverserver Software,Ciena,"Ottawa, ON",15 days ago,https://ca.indeed.com/rc/clk?jk=743e8c81735a3d3f&fccid=144a39be55e8440b&vjs=3,Indeed
166,Risk Analyst Co-op/Intern,TD Bank,"Toronto, ON",3 days ago,https://ca.indeed.com/rc/clk?jk=cabb071a00916c99&fccid=d7114f1cac8d0711&vjs=3,Indeed
167,Android Developer - Intern/Co-op,General Motors,"Markham, ON",8 days ago,https://ca.indeed.com/rc/clk?jk=9c7e546c4a065800&fccid=116680a29a847a70&vjs=3,Indeed
168,Software Development Intern,Medo,"Edmonton, AB",30+ days ago,https://ca.indeed.com/rc/clk?jk=c257c8620487240b&fccid=58431f1ec36f2b0b&vjs=3,Indeed
169,Active Safety Advanced Development - Co-op/Intern,General Motors,"Oshawa, ON",2 days ago,https://ca.indeed.com/rc/clk?jk=61d54d618ddfb104&fccid=116680a29a847a70&vjs=3,Indeed
170,"Student Intern, Global IT Infrastructure",Celestica,"Toronto, ON",30+ days ago,https://ca.indeed.com/rc/clk?jk=49f8c712c299d1ff&fccid=e7e593a18b26fee3&vjs=3,Indeed
171,"Student Intern, Cloud and Collaboration",Celestica,"Toronto, ON",30+ days ago,https://ca.indeed.com/rc/clk?jk=0cee06a55557a60e&fccid=e7e593a18b26fee3&vjs=3,Indeed
172,CO OP/Intern: Software Developer/ Logiciel Stagiaire,Ciena,"Quebec City, QC",15 days ago,https://ca.indeed.com/rc/clk?jk=7056fb0b29c731ed&fccid=144a39be55e8440b&vjs=3,Indeed
173,"Summer Intern - Weston, Canada",Crown Holdings,"Weston, ON",30+ days ago,https://ca.indeed.com/rc/clk?jk=ecf2d900bd5351e5&fccid=0c7f8a1e83d22ec4&vjs=3,Indeed
174,Software Tester (NSP) - Co-op,NOKIA,"Ottawa, ON",1 day ago,https://ca.indeed.com/rc/clk?jk=3d3461155017ac0f&fccid=3444e7c94299ba32&vjs=3,Indeed
175,Public Relations Intern,ROI Relations,"Toronto, ON",30+ days ago,https://ca.indeed.com/rc/clk?jk=13e3f3df4c7e2675&fccid=cee0f95a7fe234da&vjs=3,Indeed
176,Software Development Engineer in Test (SDET) Intern,Haivision,"Montréal, QC",3 days ago,https://ca.indeed.com/rc/clk?jk=8667bfc513a0b958&fccid=fd00b3b1986ca21e&vjs=3,Indeed
177,Regulatory Engineering Intern (Summer 2020),Kepler Communications,"Toronto, ON",30+ days ago,https://ca.indeed.com/rc/clk?jk=81f261c1c08a24dd&fccid=2f6e00ad893d0a9e&vjs=3,Indeed
178,IT Summer Intern,Baxter,"Mississauga, ON",28 days ago,https://ca.indeed.com/rc/clk?jk=a2ddaf9b021d0b02&fccid=01c9ea880c965182&vjs=3,Indeed
179,Architectural Technologist / Intern Architect / Project Coor...,Keystone Architecture & Planning LTD.,"Calgary, AB",30+ days ago,https://ca.indeed.com/pagead/clk?mo=r&ad=-6NYlbfkN0Cao6BYAEypj0TlXe3C7WNIP-KwXxVQJm2QvxD3CX_0BGCMMPTaz2U8ZKhYVWVZ4j-JfTHuTVW3xA_YVuJafCGl-nUBNGYT2BLTlkO3CBi0hcDn8Yj5ui7YKU5RzWShBG3Y156hHsNlxRaoWgVYD6iz9MhLqAXAF4TFLR3Aq7zVcbkUAU7eqYa8F-F7iFE-XaHJiHV6cuSdWK68PSjRyNTr5P5ulmGsi-bLFDrWIKwrttjLkjCgAQVIg1-AYqkU-3hdXo2IGljuE9anX32fOx3Z9aw3Z5kaNeUSBCcD-p7lsC_VXfM2ealdIuMuqZq4QfP0aQm4a78NFl3MeE9axG8D6Wd4f3xg9tqslHXlkdrzvCjLwmXz3zJaJXp1-Q1JgVTE6_aV29RtLTtKk1Hr_zyVuheNvct79t9dxCWkIRCQc05KUSCmahy2YZAHpbnK0h-uUwtlyQJl0wFRefvpehXYsaF42yKB2soAfpNR3P8xggyrP_ho6kYj1DmrbV2GqCk=&p=3&fvj=1&vjs=3,Indeed
180,Newspaper Graphics and page layout /Web Designer,Newsfirst Multimedia,"Laval, QC",21 days ago,https://ca.indeed.com/pagead/clk?mo=r&ad=-6NYlbfkN0BFO3YJbfpbZTRzJeeMDupiJKxPLf0Z-G0vtSkLoJl09hF8KmkmA2XnEEB3mM1jQJTqGueEPpI5N35Qwjq_NGc9RCbupPL15DbqRk2cDrz3zNzAeblgav_Idintb6SzRgBVuwr4dZZ3kLkI3d2jFpmiYug8lRfZtfv7M31WhJivDN2peTjlbMYyTwAEwr1t_7FG9BEfPOIUqPM0Judjbo0GdwE6LSIdPmuxqxcHxQJpaGFdKU5h63F6osGD8lVa5KEWx6-M4XrHiL4UyTU4_IK4zYltuIuO17eXc0qwE9PF_sVtnQPV2icrHWrn8PRWuknvFl7dEZRu1zBCvOnBSisMSyS_URCRoV4_NBS5G-nN-8UFhHpytmETG2fo_WotCOSCtO0rTWjUMg_MRiCcZOAF4A5eK3HeCTM1VNAb5FgA_YzUc7LH400TBUNelPCgooEcQBYd948JIqr_CXNJpTgtDp6KSgxsH6fuhy9gHlaGpw==&p=4&fvj=1&vjs=3,Indeed
181,Social Media / Influencer Marketing Manager,Viral Nation Inc.,"Toronto, ON",30+ days ago,https://ca.indeed.com/cmp/Viral-Nation,Indeed
182,CO OP/Intern: Full Stack Web developer,Ciena,"Ottawa, ON",15 days ago,https://ca.indeed.com/rc/clk?jk=165ee8811d508f71&fccid=144a39be55e8440b&vjs=3,Indeed
183,"Summer Intern - Weston, Canada",Crown Holdings,"Weston, ON",30+ days ago,https://ca.indeed.com/rc/clk?jk=ecf2d900bd5351e5&fccid=0c7f8a1e83d22ec4&vjs=3,Indeed
184,2021 - Summer - Audit Intern,RSM US LLP,"Toronto, ON",30+ days ago,https://ca.indeed.com/rc/clk?jk=de7d3955ffd39ce5&fccid=198b7374e1f8a26f&vjs=3,Indeed
185,Multimedia Specialist Co-op,TD Bank,"Toronto, ON",4 days ago,https://ca.indeed.com/rc/clk?jk=ff272525f68383d9&fccid=d7114f1cac8d0711&vjs=3,Indeed
186,2020 - Fall - Actuarial Services Intern,RSM US LLP,"Toronto, ON",30+ days ago,https://ca.indeed.com/rc/clk?jk=f05b3333c36b5b99&fccid=198b7374e1f8a26f&vjs=3,Indeed
187,"SAP iXp Intern - Software Developer Cloud Platform Services,...",SAP,"Vancouver, BC",2 days ago,https://ca.indeed.com/rc/clk?jk=c723110dab2f4382&fccid=156c7820d1988640&vjs=3,Indeed
188,Intern - Research & Development,Corus Entertainment,"Montréal, QC",30+ days ago,https://ca.indeed.com/rc/clk?jk=818b50554c9ca602&fccid=81aa91ee327f8628&vjs=3,Indeed
189,Active Safety Advanced Development - Co-op/Intern,General Motors,"Oshawa, ON",2 days ago,https://ca.indeed.com/rc/clk?jk=61d54d618ddfb104&fccid=116680a29a847a70&vjs=3,Indeed
190,Advanced Technology/Innovation Team - Controls Intern,General Motors,"Oshawa, ON",3 days ago,https://ca.indeed.com/rc/clk?jk=6a7470ea4dd04ffe&fccid=116680a29a847a70&vjs=3,Indeed
191,CO OP/Intern: Transport Systems,Ciena,"Ottawa, ON",9 days ago,https://ca.indeed.com/rc/clk?jk=f0a9924d4404a4cd&fccid=144a39be55e8440b&vjs=3,Indeed
192,Portfolio Analytics Developer Co-op,TD Bank,"Toronto, ON",4 days ago,https://ca.indeed.com/rc/clk?jk=7403eeccb1753f0f&fccid=d7114f1cac8d0711&vjs=3,Indeed
193,Marketing Intern (4 months),D-Wave Systems Inc.,"Burnaby, BC",11 days ago,https://ca.indeed.com/rc/clk?jk=fdec57d9814a1706&fccid=2590d2b9de973e1e&vjs=3,Indeed
194,Intern-Support Specialist,Harris Computer Systems,"Athens, ON",2 days ago,https://ca.indeed.com/rc/clk?jk=ef4f2fe65c471bc0&fccid=c7a4f45e467435a8&vjs=3,Indeed
195,Quantitative Portfolio Research Co-op,TD Bank,"Toronto, ON",4 days ago,https://ca.indeed.com/rc/clk?jk=2b4f9868a86eb61b&fccid=d7114f1cac8d0711&vjs=3,Indeed
196,Solution Architect Intern,Halton Region,"Halton, ON",25 days ago,https://ca.indeed.com/rc/clk?jk=33549020498f3eda&fccid=25d908fb6e0e3ea4&vjs=3,Indeed
197,Embedded Hardware/Software Engineer (remote),TandemLaunch,"Montréal, QC",17 days ago,https://ca.indeed.com/rc/clk?jk=f2553a5383a66e21&fccid=4a7bc3ecb9b00d36&vjs=3,Indeed
198,Developer Co-op (8 or 12 month),TD Bank,"Toronto, ON",4 days ago,https://ca.indeed.com/rc/clk?jk=0971d13b5d40a5fc&fccid=d7114f1cac8d0711&vjs=3,Indeed
199,Developer Co-op,TD Bank,"Toronto, ON",4 days ago,https://ca.indeed.com/rc/clk?jk=93c23d5b673939b5&fccid=d7114f1cac8d0711&vjs=3,Indeed
200,"Associate Manager, Homelessness Partnership",United Way Greater Toronto,"Markham, ON",Today,https://ca.indeed.com/rc/clk?jk=b95b3d19c76e023b&fccid=475449500ecde065&vjs=3,Indeed
201,Software Development Eng - Display Solutions - 78433,"Advanced Micro Devices, Inc.","Markham, ON",30+ days ago,https://ca.indeed.com/rc/clk?jk=17136214571a00fe&fccid=b45c4b5a9c9a7448&vjs=3,Indeed
202,Intern Undergrad Associate (IUS300),Quest Software,"Halifax, NS",17 days ago,https://ca.indeed.com/rc/clk?jk=0aa39d78745b5b89&fccid=06712c9ffc59fc0e&vjs=3,Indeed
203,Fall 2020 - Mobile Maintenance - Mechanical Engineer Intern,Agnico-Eagle Mines Limited,"Rankin Inlet, NU",8 days ago,https://ca.indeed.com/rc/clk?jk=5ba5a28e4ab13ed7&fccid=c8414427190b0070&vjs=3,Indeed
204,Intern Architect,Moriyama & Teshima,"Toronto, ON",30+ days ago,https://ca.indeed.com/rc/clk?jk=3fb23a1ce987ff56&fccid=b7d3e2b822fededa&vjs=3,Indeed
205,DevOps- 4 months Co-op/Internship (Fall 2020),Intact,"Montréal, QC",11 days ago,https://ca.indeed.com/rc/clk?jk=6c0b8972114af52e&fccid=be7195d2ebb48351&vjs=3,Indeed
206,Stagiaire - Technicien Support Informatique / Intern – IT Su...,Eidos Montréal,"Montréal, QC",30+ days ago,https://ca.indeed.com/rc/clk?jk=1c49e72d6937b610&fccid=58085decd34c3cfe&vjs=3,Indeed
207,Payments Innovation Developer Co-op,TD Bank,"Toronto, ON",4 days ago,https://ca.indeed.com/rc/clk?jk=660871a60adce503&fccid=d7114f1cac8d0711&vjs=3,Indeed
208,Web Development Co-op,Magna International Inc.,"Newmarket, ON",18 days ago,https://ca.indeed.com/rc/clk?jk=699c0fc880a3d6fb&fccid=254ad00cf333484f&vjs=3,Indeed
209,Software Engineer in Test (New Grads),NETINT Technologies Inc.,"Burnaby, BC",16 days ago,https://ca.indeed.com/rc/clk?jk=70fe45b5ee1fc0f2&fccid=f821f8a67da4507b&vjs=3,Indeed
210,GIS INTERN,EACOM Timber Corporation,"Timmins, ON",2 days ago,https://ca.indeed.com/rc/clk?jk=f7ca8a0cbe3f0dbc&fccid=ddfb0bb8540f8f68&vjs=3,Indeed
211,Summer Garage Internship Program: Software Engineering & Pro...,Microsoft,"Vancouver, BC",30+ days ago,https://ca.indeed.com/rc/clk?jk=5633436107c188fa&fccid=734cb5a01ee60f80&vjs=3,Indeed
212,DevOps Engineer Co-op,TD Bank,"Toronto, ON",4 days ago,https://ca.indeed.com/rc/clk?jk=e0febc350e030dd4&fccid=d7114f1cac8d0711&vjs=3,Indeed
213,Fall 2020 Digital Verification Engineering Intern (8 or 12 M...,Synopsys,"Nepean, ON",1 day ago,https://ca.indeed.com/rc/clk?jk=a23d1a5d2e4ae4ce&fccid=6ce9eba87609c3e9&vjs=3,Indeed
214,IT Interns – Fall 2020,Desjardins,"Montréal, QC",16 days ago,https://ca.indeed.com/rc/clk?jk=f326bfa20e1517f9&fccid=d1e5df65baa8857f&vjs=3,Indeed
215,"Customer Service, Intern",CooperVision,"Richmond Hill, ON",30+ days ago,https://ca.indeed.com/rc/clk?jk=72a07969c90d105b&fccid=1a7983518cdfa50d&vjs=3,Indeed
216,2021 - Winter - Audit Intern,RSM US LLP,"Toronto, ON",30+ days ago,https://ca.indeed.com/rc/clk?jk=2a3e6cb6ac3c4d44&fccid=198b7374e1f8a26f&vjs=3,Indeed
217,Intern Talent Pool,Plotly,"Montréal, QC",30+ days ago,https://ca.indeed.com/rc/clk?jk=5da971d4f2c34f01&fccid=1cd7c6119a13c5d4&vjs=3,Indeed
218,Intern HR Recruitment Assistant,Toronto Wailian Group,"Richmond Hill, ON",21 days ago,https://ca.indeed.com/company/wailian-group-inc/jobs/Intern-Human-Resource-Recruitment-Assistant-59735e835cb0af97?fccid=e1090bd0ebe159fe&vjs=3,Indeed
219,Automation Developer Co-op (8 or 12 month),TD Bank,"Toronto, ON",4 days ago,https://ca.indeed.com/rc/clk?jk=8bc68fbd697d0524&fccid=d7114f1cac8d0711&vjs=3,Indeed
220,CO OP/Intern: MCP Product,Ciena,"Ottawa, ON",15 days ago,https://ca.indeed.com/rc/clk?jk=aa1953f98f88ee6d&fccid=144a39be55e8440b&vjs=3,Indeed
221,Investment Research Analyst Intern,Inovestor,"Montréal, QC",15 days ago,https://ca.indeed.com/rc/clk?jk=48bc00b956333ede&fccid=e6b368a0f8c81533&vjs=3,Indeed
222,Volunteer- Legal Assistance,ActImpact,"Toronto, ON",11 days ago,https://ca.indeed.com/rc/clk?jk=d75909393331c510&fccid=6eb4c2c6541f3ea9&vjs=3,Indeed
223,"SAP iXp Intern, Software Test Developer",SAP,"Vancouver, BC",18 days ago,https://ca.indeed.com/rc/clk?jk=e1d0796a8974c1af&fccid=156c7820d1988640&vjs=3,Indeed
224,Full Time Opportunities for MBA Students or Recent Graduates...,Microsoft,"Mississauga, ON",30+ days ago,https://ca.indeed.com/rc/clk?jk=21aa6c365542a133&fccid=734cb5a01ee60f80&vjs=3,Indeed
225,Marketing Assistant,Bargains Group,"Toronto, ON",30+ days ago,https://ca.indeed.com/rc/clk?jk=662a1d05789873b1&fccid=9744a3ff91d16c34&vjs=3,Indeed
226,Marketing Internship,Talcura Technologies Inc.,"Toronto, ON",30+ days ago,https://ca.indeed.com/rc/clk?jk=244cd714a7d0fa12&fccid=601095973f87c8e4&vjs=3,Indeed
227,Cloud Developer Intern (Fall 2020),Cloudops,"Montréal, QC",30+ days ago,https://ca.indeed.com/rc/clk?jk=81c8ca0430809759&fccid=142cf09107f91062&vjs=3,Indeed
228,"Intern, Mine Engineering - Aboriginal Internship Program",Nutrien Ltd.,"Allan, SK",14 days ago,https://ca.indeed.com/rc/clk?jk=35081eb8cedc5869&fccid=2f7563a9ec0a07ec&vjs=3,Indeed
229,"CO-OP, Firmware",Rockwell Automation,"Cambridge, ON",30+ days ago,https://ca.indeed.com/rc/clk?jk=6ebd7dcbd6368768&fccid=a4b7e90c6a891db3&vjs=3,Indeed
230,Intern,Pomerleau,"Montréal, QC",30+ days ago,https://ca.indeed.com/rc/clk?jk=c453934268f6b3a1&fccid=b32f2725947ac9bf&vjs=3,Indeed
231,Autonomy Engineer - Perception,Clearpath Inc.,"Kitchener, ON",1 day ago,https://ca.indeed.com/rc/clk?jk=fea606adb9eff434&fccid=270d80b299cde949&vjs=3,Indeed
232,Summer Garage Internship Program: Software Engineering & Pro...,Microsoft,"Vancouver, BC",30+ days ago,https://ca.indeed.com/rc/clk?jk=5633436107c188fa&fccid=734cb5a01ee60f80&vjs=3,Indeed
233,Software Tester (NSP) - Co-op,NOKIA,"Ottawa, ON",1 day ago,https://ca.indeed.com/rc/clk?jk=3d3461155017ac0f&fccid=3444e7c94299ba32&vjs=3,Indeed
234,Software Developer Co-Op - TD Innovation Lab,TD Bank,"Waterloo, ON",4 days ago,https://ca.indeed.com/rc/clk?jk=fe8f421bdeb48d25&fccid=d7114f1cac8d0711&vjs=3,Indeed
235,Software Development Engineer in Test (SDET) Intern,Haivision,"Montréal, QC",3 days ago,https://ca.indeed.com/rc/clk?jk=8667bfc513a0b958&fccid=fd00b3b1986ca21e&vjs=3,Indeed
236,Developer Co-op,TD Bank,"Toronto, ON",4 days ago,https://ca.indeed.com/rc/clk?jk=93c23d5b673939b5&fccid=d7114f1cac8d0711&vjs=3,Indeed
237,Risk Analyst Co-op/Intern,TD Bank,"Toronto, ON",3 days ago,https://ca.indeed.com/rc/clk?jk=cabb071a00916c99&fccid=d7114f1cac8d0711&vjs=3,Indeed
238,CO OP/Intern: Software Developer/ Logiciel Stagiaire,Ciena,"Quebec City, QC",15 days ago,https://ca.indeed.com/rc/clk?jk=7056fb0b29c731ed&fccid=144a39be55e8440b&vjs=3,Indeed
239,Accounting Internship,CHS Business Solutions,"North York, ON",22 days ago,https://ca.indeed.com/company/Aced-Accounting-Inc./jobs/Accounting-Internship-9c49d0e91d2bda37?fccid=279848f20fae9c8a&vjs=3,Indeed
240,Manufacturing Quality Intern,Johnson & Johnson Family of Companies,"Guelph, ON",10 days ago,https://ca.indeed.com/rc/clk?jk=bdc96b7eeb6e9691&fccid=0bed8e17bc113980&vjs=3,Indeed
241,Developer Co-op (8 or 12 month),TD Bank,"Toronto, ON",4 days ago,https://ca.indeed.com/rc/clk?jk=0971d13b5d40a5fc&fccid=d7114f1cac8d0711&vjs=3,Indeed
242,Software Development Intern,Medo,"Edmonton, AB",30+ days ago,https://ca.indeed.com/rc/clk?jk=c257c8620487240b&fccid=58431f1ec36f2b0b&vjs=3,Indeed
243,Full Time Opportunities for MBA Students or Recent Graduates...,Microsoft,"Mississauga, ON",30+ days ago,https://ca.indeed.com/rc/clk?jk=21aa6c365542a133&fccid=734cb5a01ee60f80&vjs=3,Indeed
244,Accounting Internship (starting Aug 2020),Wave,"Toronto, ON",14 days ago,https://ca.indeed.com/rc/clk?jk=56fdccfb0b937e81&fccid=843063962baaa318&vjs=3,Indeed
245,Portfolio Analytics Developer Co-op,TD Bank,"Toronto, ON",4 days ago,https://ca.indeed.com/rc/clk?jk=7403eeccb1753f0f&fccid=d7114f1cac8d0711&vjs=3,Indeed
246,Payments Innovation Developer Co-op,TD Bank,"Toronto, ON",4 days ago,https://ca.indeed.com/rc/clk?jk=660871a60adce503&fccid=d7114f1cac8d0711&vjs=3,Indeed
247,Product Manager,Amphenol Canada Corp.,"Scarborough, ON",30+ days ago,https://ca.indeed.com/cmp/Amphenol,Indeed
248,Senior Staff Scientist,University of Victoria,"Victoria, BC",16 days ago,https://ca.indeed.com/rc/clk?jk=ab8f726b7b26e65d&fccid=95737967a35b2629&vjs=3,Indeed
249,Product Manager,Amphenol Canada Corp.,"Scarborough, ON",30+ days ago,https://ca.indeed.com/company/Amphenol/jobs/Product-Manager-47b48b26cdcf000a?fccid=350a6f39794d6376&vjs=3,Indeed
250,UX Researcher Co-Op (Fall 2020),Electronic Arts,"Montréal, QC",9 days ago,https://ca.indeed.com/rc/clk?jk=315454cbd47d195c&fccid=617d7f961cfcf54a&vjs=3,Indeed
251,Lighting Artist - Junior and Intern,Tangent Animation,"Toronto, ON",30+ days ago,https://ca.indeed.com/rc/clk?jk=b6705c2160c42dea&fccid=c259339184c0edc1&vjs=3,Indeed
252,Software Engineer Section Manager - Windows Kernel Graphics...,"Advanced Micro Devices, Inc.","Markham, ON",30+ days ago,https://ca.indeed.com/rc/clk?jk=3afd2fb931a4d90f&fccid=b45c4b5a9c9a7448&vjs=3,Indeed
253,Senior Computational Engineer,Augmenta,"Toronto, ON",30+ days ago,https://ca.indeed.com/rc/clk?jk=5b355275c5d22219&fccid=e58b98011df8b83e&vjs=3,Indeed
254,Product Marketing Intern,Synic Software,"Vancouver, BC",30+ days ago,https://ca.indeed.com/company/Synic-Software/jobs/Product-Marketing-Intern-2ef7e13f830ec5cf?fccid=6efcebd8faa16ffc&vjs=3,Indeed
255,Graphic Design Intern,Outsmart Labs,"Miami, MB",30+ days ago,https://ca.indeed.com/rc/clk?jk=055ba1acfb26fcf0&fccid=7581fb92ebb09347&vjs=3,Indeed
256,Mobile Applications Developer Co-op,TD Bank,"Toronto, ON",4 days ago,https://ca.indeed.com/rc/clk?jk=45f0e0f2562e97e7&fccid=d7114f1cac8d0711&vjs=3,Indeed
257,Stagiaire - Technicien Support Informatique / Intern – IT Su...,Eidos Montréal,"Montréal, QC",30+ days ago,https://ca.indeed.com/rc/clk?jk=1c49e72d6937b610&fccid=58085decd34c3cfe&vjs=3,Indeed
258,Project Manager,PROXIMITEAM,"Toronto, ON",30+ days ago,https://ca.indeed.com/rc/clk?jk=118b25dbd9c04423&fccid=cd971388deb67e1c&vjs=3,Indeed
259,Social Media Marketing Intern,Outsmart Labs,"Miami, MB",30+ days ago,https://ca.indeed.com/rc/clk?jk=44ff08830a3f5f42&fccid=7581fb92ebb09347&vjs=3,Indeed
260,"Intern, Real Estate Investments (September – December 2020)",PSP Investments,"Montréal, QC",18 days ago,https://ca.indeed.com/rc/clk?jk=a78b9f42ceb6452c&fccid=a015462bb0c290c1&vjs=3,Indeed
261,Back on Track Facilitator,Addiction Services of Thames Valley,"London, ON",14 days ago,https://ca.indeed.com/company/Addiction-Services-of-Thames-Valley/jobs/Back-Track-Facilitator-b49f1798c8015be6?fccid=35a7c88cf1741c8b&vjs=3,Indeed
262,Sales/Partner Acquisition Intern,Crashmeal,"Vancouver, BC",30+ days ago,https://ca.indeed.com/rc/clk?jk=59054ec0659fedc2&fccid=42140bddb459960c&vjs=3,Indeed
263,MECHANICAL MANUFACTURING ENGINEER,Amsted Industries,"London, ON",30+ days ago,https://ca.indeed.com/rc/clk?jk=c0b3f3c19618f07b&fccid=4edab3b25ee12a50&vjs=3,Indeed
264,Executive Assistant,Bargains Group,"Toronto, ON",30+ days ago,https://ca.indeed.com/rc/clk?jk=d12b7bc72ef5da0b&fccid=9744a3ff91d16c34&vjs=3,Indeed
265,Intern/Intermediate Engineer – Water Resources,Tatham Engineering,"Barrie, ON",30+ days ago,https://ca.indeed.com/rc/clk?jk=4d891169fc3cff5c&fccid=7dde30a8014a1236&vjs=3,Indeed
266,Autonomy Engineer - Navigation,Clearpath Inc.,"Kitchener, ON",30+ days ago,https://ca.indeed.com/rc/clk?jk=c5ef12066a6a8e06&fccid=270d80b299cde949&vjs=3,Indeed
267,Lake Superior North Shore Tourism Coordinator,Superior Country,"Nipigon, ON",25 days ago,https://ca.indeed.com/company/Superior-Country/jobs/Lake-Superior-North-Shore-Tourism-Coordinator-3f72fd3a0140c4a8?fccid=eaafd34e688de515&vjs=3,Indeed
268,IT Customer Service Support Intern,China Telecom Americas Corporation,"Montréal, QC",30+ days ago,https://ca.indeed.com/rc/clk?jk=bae83a1d7c141944&fccid=50009fd225a77d03&vjs=3,Indeed
269,Intermediate Architect / Intern Architect / Project Manager,Masri O Architects (MORe),"Waterloo, ON",25 days ago,https://ca.indeed.com/rc/clk?jk=8e5021d03c3f6ca4&fccid=a696e56d4d5f9e75&vjs=3,Indeed
270,Architectural Technologist / Intern Architect / Project Coor...,Keystone Architecture & Planning LTD.,"Calgary, AB",30+ days ago,https://ca.indeed.com/company/KEYSTONE-ARCHITECTURE-&-PLANNING-LTD./jobs/Architectural-Technologist-30fecdd1f4655f9b?fccid=4ee29a11c987b50d&vjs=3,Indeed
271,Associate Veterinarian,Assiniboine Park Conservancy,"Winnipeg, MB",1 day ago,https://ca.indeed.com/rc/clk?jk=47e050c5bdc2abeb&fccid=418094d66d3ac18f&vjs=3,Indeed
272,"Intern, Natural Resources (September – December 2020)",PSP Investments,"Montréal, QC",18 days ago,https://ca.indeed.com/rc/clk?jk=020d4dd1bec9b851&fccid=a015462bb0c290c1&vjs=3,Indeed
273,ISO Coordinator Support (Intern),BlueSky Organics Corp.,"Vernon, BC",18 days ago,https://ca.indeed.com/company/BlueSky-Organics-Corp./jobs/Iso-Coordinator-Support-5fdf803d612177a5?fccid=c4d5a890ddac4cb9&vjs=3,Indeed
274,Clinical Counsellor Youth Mental Health and Substance Use (V...,Providence Health Care,"Vancouver, BC",30+ days ago,https://ca.indeed.com/rc/clk?jk=0b328bb9fa0f3024&fccid=e98b37c86f8eec83&vjs=3,Indeed
275,Senior Machine Learning Engineer,Augmenta,"Toronto, ON",30+ days ago,https://ca.indeed.com/rc/clk?jk=3f823122d228aed3&fccid=e58b98011df8b83e&vjs=3,Indeed
276,Community Engagement Coordinator,Reconciliation Canada,"North Vancouver, BC",3 days ago,https://ca.indeed.com/company/Reconciliation-Canada/jobs/Community-Engagement-Coordinator-ae4c6dc477de70f2?fccid=959e2397c5672baa&vjs=3,Indeed
277,Research Assistant,Centre universitaire de santé McGill,"Montréal, QC",30+ days ago,https://ca.indeed.com/rc/clk?jk=662186a3ec728113&fccid=2117962e390b8370&vjs=3,Indeed
278,Senior Optical Scientist or Engineer,Metamaterial Technologies Inc.,"Dartmouth, NS",22 days ago,https://ca.indeed.com/rc/clk?jk=71d6c551ebd62a8d&fccid=7451032d84ab7c94&vjs=3,Indeed
279,"Intern, Total Fund Investments (September – December 2020)",PSP Investments,"Montréal, QC",18 days ago,https://ca.indeed.com/rc/clk?jk=4a3c091ed68515e7&fccid=a015462bb0c290c1&vjs=3,Indeed
280,Senior Staff Accountant,Anca L Rotaru CPA Professional Corporation,"Oakville, ON",21 days ago,https://ca.indeed.com/company/ARL--Public-Accounting-Firm/jobs/Senior-Staff-Accountant-53dd47d7e60fe734?fccid=4f974be8d7de48ae&vjs=3,Indeed
281,Co-op Tax & Funding Analyst,EVAMAX GROUP,"Oakville, ON",16 days ago,https://ca.indeed.com/company/EVAMAX-GROUP/jobs/Op-Tax-Funding-Analyst-88bccdf6e719e2b2?fccid=ac9172b97e593151&vjs=3,Indeed
282,Staff Pharmacist,Costco Pharmacy,"Courtenay, BC",2 days ago,https://ca.indeed.com/company/Costco-Wholesale/jobs/Staff-Pharmacist-fd99cd5807bd0b5e?fccid=9b77e2b0ccfb3838&vjs=3,Indeed
283,Lighting Artist - Junior & Intern,Tangent Animation,"Winnipeg, MB",30+ days ago,https://ca.indeed.com/rc/clk?jk=da0641148158fbf2&fccid=c259339184c0edc1&vjs=3,Indeed
284,Social Media & Marketing Leader,Bargains Group,"Toronto, ON",30+ days ago,https://ca.indeed.com/rc/clk?jk=8e62778662a19290&fccid=9744a3ff91d16c34&vjs=3,Indeed
285,Design Manager,Public Services and Procurement Canada,"Ottawa, ON",22 days ago,https://ca.indeed.com/rc/clk?jk=63ac9417def90ca2&fccid=42175b0f17a4665f&vjs=3,Indeed
286,Manager - Human Resources,CANARIE,"Ottawa, ON",22 days ago,https://ca.indeed.com/company/Compute-Canada/jobs/Manager-cb21ccb5e0d6d0f1?fccid=5086722e4921fc70&vjs=3,Indeed
287,Assistant Superintendent,PCL Construction,"Richmond, BC",30+ days ago,https://ca.indeed.com/rc/clk?jk=83be5b9f6790767e&fccid=73c309830cebe205&vjs=3,Indeed
288,Senior Mobile Developer,Sun Life Financial,"Montréal, QC",30+ days ago,https://ca.indeed.com/rc/clk?jk=d342379369d74133&fccid=4271edc9c2f82254&vjs=3,Indeed
289,Junior Project Manager – Environmental Services,Chinook Environmental Services Ltd.,"Red Deer, AB",30+ days ago,https://ca.indeed.com/rc/clk?jk=5d2819c58a5b85d4&fccid=adbe0dee063aae1a&vjs=3,Indeed
290,Deputy Principal Construction Manager,Comhar Group,"Toronto, ON",30+ days ago,https://ca.indeed.com/rc/clk?jk=ec563388f881cdbf&fccid=791c9c291db9216e&vjs=3,Indeed
291,CLINICAL THERAPIST(Full-Time),Family Counselling and Support Services for Guelph...,"Guelph, ON",16 days ago,https://ca.indeed.com/rc/clk?jk=672e8f35408bfa85&fccid=e84b4bf02282a49c&vjs=3,Indeed
292,Wildlife Rehabilitation Manager,The Rideau Valley Wildlife Sanctuary,"Ottawa, ON",30+ days ago,https://ca.indeed.com/rc/clk?jk=8fd3180f90e35fa1&fccid=db4ccb8293f08eee&vjs=3,Indeed
293,Marketing and Communications Coordinator,Reconciliation Canada,"North Vancouver, BC",3 days ago,https://ca.indeed.com/company/Reconciliation-Canada/jobs/Marketing-Communication-Coordinator-9c8dc6f47930622e?fccid=959e2397c5672baa&vjs=3,Indeed
294,HOUSING AND REGISTRATION/CONFERENCE STUDENT PRACTICUM,International Conference Services,"Vancouver, BC",30+ days ago,https://ca.indeed.com/rc/clk?jk=7ef9bb2b38326a09&fccid=13435bced439fcea&vjs=3,Indeed
295,Clinical Therapist,Family Counselling and Support Services for Guelph...,"Guelph, ON",18 days ago,https://ca.indeed.com/company/Family-Counselling-&-Support-Services-for-Guelph-Wellington/jobs/Clinical-Therapist-fe2bddd47ae7f150?fccid=152cfc7550ab34a0&vjs=3,Indeed
296,Marketing Internship,SPLICE Software,"Calgary, AB",2 days ago,https://ca.indeed.com/rc/clk?jk=baf2256b7e86d4c6&fccid=c4d35ec13538c826&vjs=3,Indeed
297,Senior Buyer,L3Harris,"Burlington, ON",10 days ago,https://ca.indeed.com/rc/clk?jk=b17237279f0da7e9&fccid=6c6be4ac01722b08&vjs=3,Indeed
